{
  "last_processed_ts": 1775198044.9875956,
  "total_buffered": 176,
  "total_fine_tunes": 1,
  "last_finetune_ts": 1775303914.4474995,
  "pairs_since_last_ft": 0
}