{"d2_last": 1775900161.3928523, "d3_last": 1775900161.3928523}